V(Volt),WFR(mm/s),WS(mm/s),NPD(mm),H(mm),P(mm),W(mm)
24,15,10.5,40,1.716507836,3.559318965,10.17178424
29,27,9.5,36,1.956287249,4.581692081,12.33516377
30,27,8.5,32,2.437412381,4.813957401,15.56663863
27,19.5,7,34,2.453383582,4.391703711,14.4109185
30,22.5,10,30,1.649141588,3.740355401,12.44115411
26,22,12.5,30,1.741847188,3.302302841,9.251320452
27,24.5,10,34,1.682287236,4.261637632,10.07370862
32,12.5,8,35,1.809226041,3.637844826,17.54992793
32,26.5,12,33,2.371820255,4.070971072,9.682960347
26,19.5,9,31,1.704715507,3.990113293,10.36743414
26,24,11.5,38,1.688730642,4.156618149,8.793760013
24,16,10.5,32,1.577075797,3.492193961,9.339848073
24,12.5,10,35,1.734728726,3.500557665,8.713751863
24,24,7.5,37,2.836893122,5.178480333,13.01639667
28,26,8.5,40,2.00925707,4.501183971,14.90055334
32,19.5,8,39,1.778654698,3.618484145,20.56772669
30,24,7.5,35,2.345813787,4.446843356,18.53313168
24,11.5,10,37,1.8267731,3.498979383,8.741161319
28,23,9.5,34,1.582668272,4.044399859,11.37872441
24,17.5,12,36,1.697659755,3.477749919,9.947673499
24,17,8.5,37,2.05587879,4.019486669,10.67677401
24,24,12.5,36,2.110927847,4.232349398,9.508808213
29,14.5,7,31,2.340017118,4.082212944,15.03434656
31,25,10.5,31,1.930131522,3.962261877,12.34138771
30,20.5,8,37,1.767130968,3.822127162,17.00150228
29,18,8.5,38,1.467447347,3.549913684,14.21440137
28,16.5,10,37,1.175503442,3.353745411,10.28414795
31,20,12.5,36,1.722733061,3.458622749,8.461537692
28,18,9.5,38,1.259123848,3.48558867,11.43798559
25,26.5,12,32,2.138100156,4.396556116,8.502923626
30,19.5,7,39,2.144505047,3.760920548,20.28470651
26,19.5,10,31,1.458850381,3.680689815,9.673360576
29,21.5,10,40,1.321247128,3.699012997,11.99286424
30,11.5,9,30,1.526292027,3.460859099,12.04924643
31,13,9.5,34,1.329749698,3.366602996,12.76089066
24,19,10.5,35,1.621824542,3.810689576,9.725509944
27,12,11.5,37,1.386444111,3.182057704,8.050704801
31,26,11.5,32,2.083466615,3.977754289,10.09791113
24,14,7.5,30,2.683315627,4.448941161,8.919309524
30,24,8.5,32,2.062811053,4.324561264,15.48192385
27,26.5,8,32,2.602049264,5.218302762,13.09191257
29,24.5,10,34,1.649783187,4.092212532,11.2548456
29,21.5,11,32,1.405742427,3.481818155,9.913943602
24,23,7.5,37,2.758131741,5.00800961,12.88554994
25,11.5,7,36,2.760807485,4.063472773,10.21442845
30,22,12.5,38,1.760179419,3.724435415,7.787672847
31,26.5,11,31,2.136773691,4.098990831,11.16654928
28,21,12.5,30,1.628209732,3.06925961,8.950359773
25,15,8.5,38,1.876192939,3.708586141,10.66480214
30,14.5,8,35,1.672939675,3.581582888,14.97734962
31,26.5,7,31,3.22873391,5.175346528,21.56903636
32,13,9.5,32,1.4664058,3.420279419,14.26312189
29,16,8.5,33,1.532425823,3.60011413,12.91049498
27,16,11.5,32,1.240347705,3.022361111,8.87900238
32,18,10.5,32,1.449838698,3.334734584,13.28024333
31,13,9.5,33,1.348011449,3.363868878,12.78941469
24,17.5,9,30,1.963559092,4.086324767,9.445503028
27,21,12.5,33,1.605030754,3.331441202,8.416532154
25,21,7.5,34,2.507063916,4.708658843,12.10515591
25,23,9.5,38,1.795594757,4.347398667,10.90732452
32,11.5,8,40,1.781190733,3.458057888,18.13669349
27,17.5,9,40,1.437810337,3.518491936,12.10786708
30,14.5,9,31,1.441204506,3.448730361,12.88645107
26,16.5,9,36,1.537962356,3.646678334,10.38518595
27,18,8.5,37,1.595785639,3.720452326,12.1511296
27,14,10.5,35,1.219033737,3.219844486,8.83689621
30,20.5,9,31,1.643500237,3.789005143,14.06272465
30,26,10.5,31,1.957670226,4.14168716,11.23949618
29,17.5,7,35,2.211627113,3.965160414,16.79145723
30,22.5,12,33,1.668261841,3.490375781,8.942278118
27,21.5,11,35,1.378738549,3.681249254,9.10479527
25,13.5,11,37,1.499509753,3.314926375,8.880336092
30,19.5,11,38,1.268276179,3.474589193,10.30102381
29,18,10.5,31,1.234435134,3.241478614,10.51191714
26,23,11.5,34,1.600013665,3.861292653,8.731077183
27,15.5,12,31,1.317157744,2.851260213,8.9904766
29,17,9.5,40,1.220812194,3.364366371,12.42049681
26,14,8.5,36,1.731149651,3.630608783,10.22726424
29,23,9.5,38,1.489161513,3.925829791,12.70698965
25,23,12.5,37,1.916208227,4.009806711,8.877325389
30,16,12.5,36,1.517151452,3.208861286,8.138551079
27,18.5,8,34,1.868469568,3.996957055,12.40428683
24,25,10.5,33,2.028034519,4.657960284,9.463741708
31,23,8.5,31,2.082798043,4.176088749,16.91936578
26,24,9.5,38,1.73979013,4.357987526,11.08151395
31,16,10.5,34,1.239066707,3.261398106,11.65269866
27,25,8.5,39,1.988265579,4.498837531,13.70147527
26,18,9.5,38,1.434544418,3.637162582,10.57598197
31,21.5,9,34,1.657931747,3.825957232,15.55170464
32,12,9.5,31,1.516575295,3.435189845,14.08284101
25,26.5,12,31,2.155759999,4.341350598,8.633425594
30,18.5,9,35,1.398619768,3.566511597,13.86069232
30,19.5,9,32,1.53934868,3.68747367,13.90024864
27,18,9.5,33,1.367798114,3.590846192,10.26070453
26,19.5,10,40,1.419481791,3.702083625,10.72168264
31,24.5,8,36,2.177159597,4.303928895,18.94175835
30,17,9.5,35,1.253077113,3.405719269,12.57435486
29,17.5,10,33,1.209890781,3.351083792,10.89515368
25,12.5,12,40,1.797589249,3.378607554,9.130343393
28,18,10.5,35,1.17404222,3.361680762,9.731132073
28,19,8.5,31,1.712661744,3.903256086,12.39452023
31,21.5,8,33,2.035524068,4.07020623,18.11530855
29,13.5,9,39,1.346508265,3.318505917,12.21843045
27,23.5,10,37,1.540301534,4.105533152,10.43632388
25,25.5,7,34,3.19407602,5.622489476,13.5459641
25,11.5,9,36,1.829556407,3.580256618,8.688307908
31,19,10.5,34,1.325673834,3.3964191,12.00955762
32,20,8.5,37,1.690059994,3.694026976,18.63045745
32,23,9.5,35,1.757867548,3.902763765,15.85685657
27,23,12.5,30,1.788026019,3.364139493,8.785605236
28,13.5,10,36,1.206830009,3.262035153,9.556137501
29,25,8.5,33,2.095472872,4.517840797,14.287434
27,23,11.5,39,1.548990866,3.953020078,8.824170372
28,20.5,7,37,2.315545127,4.162697219,16.8207974
27,16,8.5,36,1.584651167,3.626226792,11.43054332
28,13.5,8,33,1.78528442,3.699678274,11.79937639
27,15.5,7,39,2.272918095,3.725292586,14.82251583
26,19,7.5,33,2.288418438,4.371375559,12.20145514
28,22.5,7,39,2.387300199,4.24580263,18.05633424
26,13.5,7,33,2.550997208,4.179195752,11.09175604
27,25.5,9,33,2.039605373,4.685284091,11.43518015
28,23,9.5,31,1.686002839,4.06038008,11.32525683
29,26.5,9,39,1.921147263,4.481547332,14.21675738
24,17,12.5,32,1.732994143,3.113916757,10.52869597
29,26.5,12,33,2.029602117,4.084060297,7.948002378
29,16.5,7,37,2.136172852,3.767358987,17.02081801
30,23,12.5,33,1.851955983,3.503567557,8.259135711
28,19,8.5,34,1.610147015,3.820595703,12.62167203
24,23.5,9,30,2.307124702,4.883152667,10.01559294
28,13,7.5,34,2.019357207,3.785615476,12.54254301
27,14,11.5,38,1.333054865,3.232197795,8.43265571
24,11.5,10,32,1.760382428,3.452595594,8.286895814
30,26.5,12,34,2.081070835,4.109616044,8.183001996
26,15.5,11,36,1.30090565,3.284629506,8.853156796
32,11.5,7,32,2.427500655,4.023105672,19.47538279
26,23,9.5,33,1.737166382,4.270094916,10.24965272
32,24,11.5,32,1.98935925,3.717121259,11.28627043
32,24.5,7,39,2.600604426,4.228981021,25.21400108
30,22.5,10,40,1.407147663,3.780861482,12.81466287
28,16,9.5,38,1.241368031,3.37506829,11.05352488
31,20.5,10,37,1.363569219,3.588517413,13.23090094
24,22,9.5,33,1.94517175,4.432039952,9.943519416
30,22,9.5,38,1.433873117,3.766268443,13.59054984
25,23,8.5,40,2.074700963,4.430119198,12.94403652
24,13.5,11,36,1.648526571,3.374999352,9.244014956
29,13.5,10,39,1.204294454,3.271977177,10.52513624
24,16.5,9,37,1.882410158,3.87412648,10.23960651
30,12,7.5,30,2.125724052,3.913202635,14.65881651
29,17,12.5,38,1.512620767,3.337309632,7.878457719
25,25,11.5,38,1.885714387,4.442375284,9.042654638
32,24.5,8,36,2.268523945,4.276988404,20.72354744
25,14.5,12,35,1.542966575,3.15641846,9.121670701
30,15,12.5,36,1.519065517,3.190584436,8.087063011
32,20.5,11,31,1.644448805,3.383401103,12.64601613
32,13.5,10,30,1.458816823,3.287721018,13.78348664
25,21.5,7,38,2.736308463,4.641671884,14.39678679
32,22,7.5,40,2.10278003,3.807396723,23.19530149
24,27,11.5,32,2.264082543,4.774001199,8.969903896
25,16.5,7,35,2.645088572,4.338227198,11.87982743
27,26.5,11,34,1.86225335,4.420906306,8.659536921
29,20,12.5,31,1.583510144,3.036051297,8.835272857
26,18.5,9,40,1.570492329,3.689865954,11.87525882
32,26,12.5,40,2.380308731,4.402801596,8.041236469
29,24.5,7,39,2.507352887,4.423813161,19.82154817
30,13.5,11,38,1.228885185,3.274353035,9.566666744
28,22,10.5,33,1.406610104,3.706748418,9.923789219
27,14,7.5,38,2.032790675,3.647482797,12.91500262
31,16.5,7,34,2.243772481,3.907313801,19.73740551
31,21.5,11,34,1.50156471,3.545449269,11.15027738
29,16.5,8,37,1.640312568,3.580640118,14.66749496
29,27,7.5,35,2.689088871,5.035889523,17.27937469
32,20.5,8,39,1.830151473,3.692463039,20.79276247
26,26,8.5,37,2.233823616,4.916513098,12.46412783
30,18,8.5,38,1.465967164,3.520914462,15.40712669
29,17.5,10,30,1.289612212,3.307459139,11.15837011
30,25,8.5,30,2.29362581,4.529763482,15.52676391
25,20.5,7,38,2.686073094,4.509920021,14.16639027
32,12,10.5,33,1.397341734,3.321369297,12.04814227
31,24.5,12,32,1.99910126,3.694362877,9.461320588
28,20,7.5,32,2.19060955,4.289557841,14.39694786
26,17,11.5,32,1.320031625,3.133126283,9.041452691
30,24.5,10,38,1.597165103,4.046354521,12.46192094
26,23,12.5,35,1.799348379,3.788447865,8.307915526
26,18,8.5,30,1.86635963,4.037243428,10.52660425
26,21,8.5,38,1.810542035,4.093704849,12.37076635
30,13.5,10,34,1.204457308,3.253299347,10.96012461
30,24,7.5,32,2.506584365,4.619251326,18.04633534
29,27,8.5,39,2.120803168,4.625149895,15.57661045
27,14,7.5,31,2.173890294,4.024842051,11.36857039
29,24,11.5,30,1.733978795,3.614071843,9.510217055
24,18.5,9,37,1.898723647,4.049130355,10.62261875
31,22.5,10,36,1.523031726,3.780467496,13.27164019
30,22.5,7,35,2.478504667,4.370075906,19.76098213
24,23,9.5,38,1.970692785,4.514963236,10.95278559
27,20,12.5,40,1.660432294,3.675508872,8.244353189
28,17.5,9,33,1.423424108,3.605994864,11.46131659
31,14.5,12,34,1.439292185,3.129594133,9.299522055
31,12.5,12,38,1.530337976,3.398005301,8.584723805
29,13.5,7,36,2.181673761,3.748319781,15.54923216
28,18,8.5,36,1.532867315,3.676064725,12.74669568
30,11.5,9,33,1.451002276,3.444790432,11.88905631
24,11.5,9,35,2.020761896,3.707113125,8.411829487
28,23.5,8,40,1.952199111,4.159858361,15.98338871
27,15.5,8,38,1.770560923,3.611586927,12.58572995
29,18,11.5,35,1.241696051,3.239958339,9.027446505
29,11.5,9,31,1.486440017,3.445656827,10.8019697
31,15,7.5,31,2.087170372,3.885736672,17.60311794
32,18.5,12,38,1.630930485,3.541122669,9.79128138
28,19.5,8,32,1.909735149,4.076283683,13.36477226
26,15,11.5,36,1.352473513,3.213604767,8.671060899
27,19,12.5,31,1.509390384,2.986741275,8.990314132
29,12.5,11,36,1.214432466,3.180533624,8.795519966
29,25.5,7,34,2.833250569,4.975863919,18.32691972
32,18,8.5,35,1.659130356,3.633821342,17.94195807
28,24.5,8,37,2.107764352,4.481040621,15.05832514
29,17.5,11,33,1.185828648,3.184432504,9.69204088
27,12,8.5,33,1.703067033,3.606017015,9.725258987
28,13,9.5,39,1.314234077,3.298793439,10.49462549
27,20,11.5,34,1.342350526,3.412887965,8.78889808
29,25.5,7,38,2.6465174,4.666641769,19.56830542
26,26.5,11,30,2.025749897,4.4212639,8.864149878
24,11.5,11,38,1.81114975,3.399017185,9.079700013
29,17,10.5,30,1.229913593,3.152548616,10.57027746
25,23.5,10,32,1.82243267,4.35532654,9.612012005
26,25,12.5,36,1.98331414,4.160845038,7.905961592
25,26,8.5,40,2.332221127,4.949607358,13.11994639
29,12,7.5,33,2.024581488,3.794326509,13.29429177
24,16,11.5,31,1.566087403,3.197245516,9.893228764
32,24.5,8,33,2.424536708,4.414255297,20.33296183
28,24,12.5,33,1.837919264,3.66862631,7.823801167
31,13,8.5,39,1.506014605,3.384283484,15.51555125
31,20.5,11,40,1.394674875,3.620753623,11.24895598
27,19.5,9,32,1.58184569,3.866145968,10.98402172
24,15.5,7,39,2.830555516,4.133290405,12.50446519
30,22,7.5,32,2.313631422,4.354726573,17.74440801
31,11.5,7,37,2.213257494,3.683321653,18.29819068
25,24.5,10,37,1.837284863,4.523577658,10.13251083
31,20,9.5,40,1.352448405,3.544267053,14.90977491
32,19.5,11,33,1.520161096,3.389048963,12.25314403
32,17,11.5,30,1.552931243,3.057363227,11.94634416
30,15,9.5,30,1.356816789,3.328218611,12.34965584
28,15,11.5,34,1.20692187,3.062998465,8.625675518
29,24,10.5,40,1.497398795,3.999119433,10.982006
29,24,7.5,39,2.196532591,4.266951917,18.22775706
24,22.5,12,31,1.87326919,3.78355376,9.938119276
25,16,10.5,32,1.415944621,3.376961375,9.106560586
30,23.5,11,33,1.607460508,3.735236891,10.34562155
27,19,10.5,33,1.268541816,3.454379262,9.480962023
29,21.5,10,30,1.514096316,3.658112179,11.47461864
30,16.5,10,31,1.267270358,3.26806706,11.79940222
24,26,10.5,34,2.11950931,4.863880092,9.415687723
26,26,12.5,32,2.106768929,4.080062619,8.065189479
32,23,9.5,31,1.932820236,3.916238484,15.99273325
29,21,7.5,30,2.335657883,4.410281803,15.82108073
25,16,12.5,30,1.580870936,2.804775065,10.20210622
31,20.5,8,30,2.125035941,4.083598945,17.85829547
28,20.5,9,37,1.462234333,3.781566084,12.47714649
32,25,9.5,31,2.159421925,4.176066259,16.01365637
25,12,8.5,35,1.970392925,3.71973948,8.920575595
29,26.5,10,30,2.055910507,4.394751455,11.30512736
31,15.5,7,31,2.372559332,4.056076033,19.01802986
30,15.5,11,34,1.186078725,3.156552582,9.981528595
26,16,9.5,33,1.431562367,3.540718291,9.502212222
31,23,8.5,39,1.763429623,3.906720335,17.93027805
27,15,7.5,32,2.131629412,4.014510964,11.83322408
24,13.5,8,30,2.409164343,4.213489959,8.605020322
30,23.5,7,37,2.478220323,4.351155345,20.52459715
32,20.5,12,33,1.760805615,3.374897747,10.4081128
26,21.5,11,40,1.492651549,3.879442447,9.733478359
25,19.5,7,37,2.663773416,4.47012147,13.494078
30,17,12.5,36,1.526846678,3.240396935,8.164936838
30,23.5,12,35,1.730086174,3.723829195,8.554325921
29,20,10.5,31,1.330356356,3.39969006,10.64122671
28,14.5,7,35,2.248472255,3.891205577,14.27222166
32,18,11.5,36,1.484916546,3.405417257,10.86240065
27,26,10.5,33,1.829055579,4.404802001,9.30794685
27,26.5,12,31,2.040842443,4.105803988,8.076705772
32,21.5,7,39,2.339732703,3.880883164,24.58490562
29,25.5,12,31,1.955231669,3.801231814,8.513605542
26,24,9.5,34,1.800940303,4.41762668,10.34828614
32,13,7.5,34,2.044781892,3.764239062,18.97947288
26,14,11.5,33,1.331476738,3.041985188,8.674375795
25,14,7.5,39,2.357051019,3.799220651,11.81576472
30,23,10.5,32,1.57885029,3.72700472,11.32477715
32,26.5,12,32,2.405191731,4.012599432,9.899545714
26,23.5,8,36,2.220546162,4.646756625,12.91222679
32,25.5,10,39,1.867732872,4.164539379,14.80741014
25,18.5,12,40,1.672443422,3.653784846,9.57832544
32,25.5,11,34,2.030512284,4.050926082,11.92522816
30,16.5,8,37,1.632246985,3.552080168,16.00521901
26,16,7.5,39,2.134859584,3.768495023,13.16527039
30,17.5,11,30,1.292954891,3.071076849,10.8302258
29,26.5,8,33,2.484603396,4.915238167,15.53948038
32,13,9.5,36,1.390685529,3.430048134,14.15185898
29,15.5,9,37,1.310597237,3.397207231,12.37615782
32,26,10.5,35,2.029824386,4.193187215,13.07998044
31,20,12.5,35,1.722790547,3.389428857,8.606044305
29,21,7.5,31,2.277821008,4.360682536,15.88251743
25,12.5,10,36,1.563848389,3.407759862,8.660693341
28,18.5,9,37,1.381720519,3.600895435,12.16428032
25,18.5,11,31,1.447171352,3.415054547,9.407378072
27,12,9.5,32,1.415115964,3.356572644,8.917548495
24,26.5,11,33,2.170220083,4.826030331,9.120473369
29,25,9.5,37,1.693220167,4.22670633,12.55912566
28,11.5,8,30,1.931413314,3.790482878,10.88453928
30,13,11.5,30,1.301984157,2.873958571,9.868679571
29,26,11.5,33,1.87577804,4.066137011,8.711261639
32,13,10.5,30,1.438660801,3.195841251,12.85993507
29,16.5,10,30,1.262514415,3.252942877,11.01655221
24,12.5,11,32,1.624170978,3.211271837,9.039829569
26,13,10.5,34,1.336737268,3.22817464,8.505080968
25,21.5,12,37,1.696302649,3.836670063,9.135587295
28,19.5,10,37,1.242134577,3.558254806,10.68649868
24,17.5,9,40,1.917192697,3.867458379,11.417696
26,11.5,12,40,1.722741765,3.344508483,8.376142835
29,17,11.5,30,1.266508778,2.931529375,9.762179462
29,14.5,11,38,1.185029648,3.244392729,9.23819556
24,15.5,10,39,1.712255101,3.625387615,10.12977715
27,15.5,10,37,1.241070167,3.353700757,9.694879455
25,18.5,10,39,1.523341786,3.723958878,10.36704079
26,15,7.5,35,2.181763267,3.960146283,11.49003993
31,25,9.5,34,1.892736546,4.17267329,14.45612055
31,15.5,12,32,1.449900273,3.007510318,9.819609436
30,21.5,10,37,1.360317148,3.681227492,12.27896245
25,24,12.5,32,1.970920788,3.844870365,9.031196587
30,16,8.5,36,1.465950589,3.495648623,14.49656907
24,19,8.5,38,2.083829423,4.169053817,11.42245385
27,21.5,8,30,2.190423086,4.487261688,12.50695698
27,25,10.5,36,1.657341951,4.26993444,9.540595322
32,20,7.5,39,2.004716346,3.697537655,22.39575249
32,15,7.5,38,1.909685228,3.546968303,20.52475905
24,23,11.5,34,1.838775373,4.11601439,9.549232997
30,23.5,7,36,2.521492984,4.427173874,20.21959505
27,22.5,7,30,2.851759104,5.033313081,14.32608538
28,11.5,9,39,1.484295466,3.345397465,10.71514843
26,22.5,12,39,1.686355409,3.960196402,8.69364142
30,15.5,12,35,1.355055211,3.137907731,8.730027241
24,25,8.5,35,2.48764654,5.185025605,11.16317035
28,16,7.5,33,2.018714881,3.927746239,13.45794849
32,18,7.5,38,1.9493453,3.63547201,21.54431612
27,16,9.5,40,1.336607859,3.398387403,11.03270586
30,18.5,7,40,2.088590572,3.607758223,20.3812849
30,23,7.5,33,2.348339161,4.425763579,18.03074536
29,17.5,12,34,1.327778406,3.120218698,8.644082437
28,14,9.5,38,1.27004938,3.317583107,10.56865494
26,21.5,9,33,1.760470736,4.195873638,10.70879783
28,22,9.5,32,1.562178761,3.924216792,11.27065299
31,26,8.5,31,2.435351101,4.610313752,17.08165722
29,17.5,9,37,1.32589609,3.486482981,12.84720363
31,23.5,11,34,1.674763119,3.765773926,11.07719063
30,25,10.5,36,1.672149723,4.071795543,11.11068231
29,26,7.5,32,2.724701115,5.033063531,16.65351881
27,25,8.5,36,2.052665322,4.629216617,12.82110076
32,15,8.5,40,1.525778573,3.385969564,18.00802181
31,25.5,12,34,2.065669414,3.951712171,8.928192411
26,19,10.5,32,1.35974738,3.515171356,9.353381678
31,14.5,8,37,1.661350257,3.50476056,16.88477273
30,13,8.5,40,1.485284713,3.322154735,14.43856505
26,24.5,9,38,1.902008975,4.516322532,11.86356873
27,15.5,8,33,1.844864041,3.834008157,11.45135512
24,23,10.5,39,1.848701498,4.369694021,10.48286272
24,15,11.5,35,1.61588127,3.328083017,9.58688122
27,25,10.5,39,1.640249901,4.291863046,10.00096983
26,18,9.5,35,1.43707647,3.670807239,10.0259099
25,25.5,7,30,3.405423069,5.910369572,12.60724403
26,26.5,7,34,3.163435943,5.618812377,14.54053921
29,19,8.5,39,1.486025808,3.582111615,14.70944767
27,25.5,12,40,1.883554376,4.367895867,8.079530509
24,17.5,12,30,1.636516925,3.127140134,10.46135694
26,20.5,11,30,1.454163395,3.484158187,9.420142408
25,20.5,12,38,1.668247967,3.762954456,9.277905015
32,25.5,7,40,2.670918744,4.289182126,25.75879948
24,27,7.5,40,3.081657684,5.545173886,14.6336052
27,12,12.5,33,1.522658584,2.866436155,8.36290901
26,25.5,8,40,2.328227674,4.756478361,14.53554345
30,17,12.5,33,1.513278976,3.021708361,8.682443324
32,15.5,11,33,1.388910635,3.234101942,11.89424504
30,18.5,8,40,1.627378566,3.50802316,17.43167643
28,12.5,11,30,1.22510232,2.924888155,9.057089815
31,21,10.5,40,1.37398154,3.639783308,12.44081968
24,21,7.5,36,2.652418524,4.772697098,12.18111327
30,17,11.5,36,1.262694451,3.252429412,9.349321029
25,20.5,12,40,1.723602478,3.851581001,9.526834321
32,14,11.5,34,1.450634588,3.243375254,10.69325691
27,20.5,7,36,2.43430976,4.355963984,15.24947435
27,24,11.5,38,1.619164013,4.063639638,8.615691412
31,19.5,9,34,1.52864014,3.649558458,15.28450361
32,23,10.5,30,1.889180576,3.684573647,13.84072969
27,18.5,7,32,2.49356227,4.42920883,13.70503202
32,15.5,10,36,1.321289458,3.386401317,13.66533213
31,16,7.5,38,1.850684775,3.546014591,19.04190615
27,19,7.5,34,2.138318549,4.186941894,13.35699055
28,24,10.5,30,1.681846219,3.915657627,10.11352307
31,18,8.5,38,1.503882868,3.516784181,16.79800294
32,18,12.5,34,1.775075858,3.276747126,9.457889601
30,18.5,8,35,1.731265115,3.75187528,16.15024083
32,19.5,9,40,1.489579019,3.536307788,17.63266287
24,14.5,7,32,2.938801124,4.575265471,9.699770838
32,16.5,9,35,1.485579372,3.504658609,16.25159922
31,22,10.5,33,1.545496984,3.629755815,12.21178298
28,13,12.5,39,1.607716493,3.302294419,7.699005584
26,17.5,11,40,1.378921493,3.498425035,9.581450477
29,11.5,10,34,1.252643663,3.252189363,9.580174439
27,19.5,10,40,1.315783963,3.614172928,10.89111025
25,27,10.5,38,2.052276984,4.920225108,9.615107619
27,23.5,12,38,1.675803156,3.974306229,8.169825935
30,22.5,8,33,2.064103202,4.223577943,16.63962656
31,11.5,8,39,1.730740775,3.45168656,16.18364592
27,27,8.5,35,2.318742938,5.038820919,12.62731053
32,21.5,12,30,1.916380583,3.264554309,11.15441047
31,18.5,11,39,1.306777628,3.465489778,11.03349277
26,22.5,11,32,1.553318569,3.813033036,9.118589733
32,23.5,10,33,1.828239054,3.890298176,14.57237515
28,15,7.5,40,1.902074569,3.477062356,15.07820586
26,27,12.5,33,2.218634482,4.337197573,7.668243101
29,15,7.5,38,1.852700516,3.55222352,15.58713787
29,25,9.5,31,1.901892678,4.282395362,12.19312528
27,13.5,10,38,1.29616953,3.302026823,9.412150801
26,12.5,10,34,1.401321222,3.315536903,8.521314304
24,27,12.5,37,2.423701859,4.84785656,8.877705252
28,13,7.5,32,2.074582539,3.884101824,12.25100767
27,11.5,9,34,1.547768912,3.467333488,9.188055363
29,15,9.5,30,1.329698541,3.330070059,11.29462536
24,27,9.5,37,2.351211346,5.276926431,10.57589601
30,25.5,7,38,2.643300755,4.57015773,21.18892168
29,16,10.5,40,1.167681678,3.317045365,10.44769145
32,24.5,12,39,2.038637093,4.101853513,9.454007722
24,20,7.5,39,2.57485906,4.439772472,13.18046571
29,12,11.5,40,1.400050411,3.338433057,8.369828952
25,25,7.5,35,2.79540482,5.285720935,12.94677158
25,21.5,11,34,1.56548627,3.854837932,9.273035474
28,13,12.5,38,1.571632561,3.236075847,7.7029466
25,24,11.5,32,1.804033237,4.051305676,9.023637458
32,16.5,7,31,2.468063502,4.092827216,21.48082317
30,25.5,11,37,1.737001448,4.130285007,10.06422643
25,21,8.5,31,2.108536103,4.488794145,10.50957441
26,14,12.5,38,1.657606211,3.249996055,8.56946259
31,18.5,9,33,1.514829438,3.595547565,15.09012893
28,17,9.5,39,1.248713485,3.410605912,11.47647064
25,20,11.5,30,1.54019838,3.395934104,9.621308262
24,15.5,11,36,1.596732894,3.462920068,9.531709877
24,23.5,12,30,1.968695896,3.882976131,9.951993417
31,12.5,12,37,1.510214982,3.339750421,8.644094581
27,20.5,10,35,1.35518424,3.721563658,10.10611984
31,12.5,7,33,2.295705088,3.914841489,17.97582816
30,17,10.5,35,1.173365255,3.285713263,10.83985074
32,14,8.5,39,1.545069306,3.422035443,17.42637993
32,17,10.5,35,1.350440221,3.371202207,12.85180379
32,24,8.5,33,2.183314139,4.23261618,18.73807089
25,24.5,8,39,2.400369673,4.816047785,13.49802861
27,23.5,12,39,1.689405307,4.01879302,8.250161234
27,27,8.5,30,2.556804767,5.211917172,12.04017158
30,25,12.5,39,2.026683627,4.150985184,7.35521431
24,17.5,7,39,2.818022892,4.287728099,13.18966586
28,20,10.5,36,1.242005147,3.541593184,9.925079767
29,12.5,11,30,1.225663118,2.936047322,9.504992884
30,19.5,7,37,2.201494477,3.912893452,19.58966304
27,19,7.5,36,2.082023003,4.069146349,13.86550809
28,25,12.5,37,1.926820302,4.076596726,7.252390382
26,23.5,11,34,1.607337421,4.020635988,8.979616072
29,26.5,11,36,1.819954767,4.309620883,9.317025448
25,23,7.5,38,2.541867233,4.740160447,13.78268672
31,23,12.5,30,2.035875253,3.302137521,9.534324048
26,12,12.5,39,1.789275257,3.30103387,8.387165475
31,20.5,9,40,1.455161344,3.592091546,16.37044397
30,15.5,7,40,2.056126886,3.465160852,19.31396631
26,15.5,10,30,1.38032647,3.352258053,9.267291095
28,15.5,7,37,2.195004369,3.787688308,15.25066831
25,18.5,8,36,2.099368906,4.16172229,11.50125496
28,12,11.5,31,1.270231811,2.878245465,8.647944657
26,25.5,11,34,1.804769049,4.353206368,8.768291138
29,26.5,11,40,1.78652449,4.386723657,9.74184923
29,23.5,7,35,2.568211448,4.588000459,18.28545909
31,20.5,7,31,2.587590222,4.365953365,20.5541129
25,22.5,9,33,1.962035123,4.485533371,10.41133259
27,21,9.5,34,1.482354906,3.879091345,10.65807135
27,15,10.5,32,1.211022102,3.177350466,9.086465045
24,21.5,12,40,1.920125525,4.089088729,10.21543609
28,24,11.5,36,1.590703161,3.924978939,8.546326645
24,22,10.5,34,1.764362614,4.173333853,9.698456861
32,22,10.5,40,1.542013307,3.762412339,13.5139878
28,12,12.5,36,1.553887528,3.107044509,7.700849236
27,15.5,11,32,1.203393173,3.093605964,8.962106415
29,22.5,11,36,1.414762565,3.721848545,9.670070054
30,24,7.5,39,2.193240161,4.187791765,19.6920259
25,17,12.5,33,1.608673425,3.096846297,9.608663708
29,25,8.5,30,2.25656323,4.606210072,14.16755833
29,27,7.5,31,2.925250061,5.274072744,16.59683032
27,12,7.5,32,2.193048359,3.942310132,10.69896333
26,24,8.5,32,2.182817633,4.749877053,11.38913876
29,13.5,9,31,1.433338223,3.43833587,11.43751818
26,24.5,12,35,1.807638031,4.069507252,8.257898142
26,18.5,7,33,2.574030577,4.496616673,12.81455296
31,14.5,7,40,2.07452914,3.439162473,20.65014418
24,24.5,11,36,1.938321279,4.514873841,9.58377275
29,18,7.5,31,2.110831918,4.082981218,15.18647981
32,26,8.5,31,2.55055085,4.57843399,18.82344758
24,17,8.5,33,2.086115631,4.156223508,9.753949449
24,21,11.5,31,1.718194406,3.696266809,9.884837912
24,26.5,8,35,2.876770105,5.637539372,11.80005857
24,15,11.5,33,1.584360838,3.236818093,9.63040741
29,14,9.5,38,1.232551346,3.302783771,11.28175158
26,21,7.5,38,2.254148343,4.290793695,14.10988432
32,24,9.5,37,1.792130765,4.002070781,16.04858845
24,20,9.5,30,1.895629428,4.171809346,9.693422557
30,12,8.5,35,1.545546299,3.492435552,13.05170592
25,26,8.5,39,2.341150447,4.999524284,12.7156287
29,15.5,9,36,1.318909877,3.41689074,12.21786625
29,21.5,11,36,1.342487743,3.608052457,9.695575433
29,17,8.5,34,1.519995178,3.621740172,13.25247868
27,21,9.5,32,1.532923356,3.890170809,10.56311496
28,13,11.5,40,1.37451197,3.298583048,8.42329451
28,21.5,7,33,2.534736213,4.568730456,15.94221805
26,11.5,7,32,2.648001348,4.206248307,10.03390122
29,25.5,7,36,2.73105725,4.825420601,18.87477937
24,24.5,7,37,3.182735559,5.414779835,13.86183884
31,25.5,9,37,1.939214224,4.265877264,16.13629336
27,17.5,10,30,1.330201787,3.399989503,9.890193658
31,22,12.5,36,1.851047928,3.629181131,8.295954222
28,14,11.5,34,1.220174478,3.042282033,8.502733928
31,19.5,12,32,1.577896686,3.180190133,9.911393034
26,18,12.5,33,1.529344122,3.102927909,9.004190673
32,17.5,10,40,1.326676759,3.450160409,14.41895981
29,15,8.5,33,1.527911497,3.564438495,12.63199021
31,24,11.5,30,1.916616745,3.590197401,10.82113644
29,24,11.5,39,1.601108522,3.985189182,8.935855491
28,15,12.5,31,1.415476478,2.742553496,8.883086901
26,25,8.5,30,2.381750811,4.984763481,11.27884724
25,17.5,11,33,1.410052885,3.398430531,9.223676356
25,15.5,12,31,1.480923984,2.956543665,9.630420107
29,18,7.5,30,2.162550371,4.130212064,15.13412207
29,17.5,8,37,1.654399231,3.634184721,14.95043635
24,26,12.5,37,2.313275559,4.64899608,9.122013632
25,24,10.5,33,1.785160707,4.316053845,9.329487134
28,13.5,9,38,1.386653262,3.360309353,11.14898004
27,25.5,9,40,1.878903729,4.48173637,13.00006323
25,21.5,10,38,1.619746408,4.062777191,10.35360685
32,23.5,7,38,2.54223382,4.178375889,24.6865696
26,13,11.5,31,1.348215097,2.916137644,8.808221862
27,22.5,10,31,1.582191653,3.941841388,10.11089577
32,14.5,12,39,1.607019442,3.519451683,9.476923847
25,14,12.5,37,1.738256967,3.227985388,9.234688536
29,14,8.5,35,1.494548149,3.490057838,12.52380432
27,21,10.5,38,1.338811195,3.732810557,9.899639176
29,18,9.5,38,1.230507393,3.447105124,12.16621381
27,24,10.5,38,1.548439274,4.128292483,9.870884553
25,14,7.5,33,2.403773242,4.150426346,9.952501962
32,24.5,9,30,2.268925039,4.237585787,17.43806699
26,22,8.5,31,2.047846394,4.471876539,11.15403424
25,21,8.5,33,2.044871688,4.428113206,10.7416976
32,17.5,12,40,1.630484537,3.605844598,9.744717256
32,16.5,10,40,1.313312514,3.421302041,14.23553007
29,24.5,7,35,2.668274691,4.73821293,18.44660132
26,13,7.5,40,2.21776501,3.591045201,12.47158821
25,24.5,12,32,1.914998022,4.027022794,8.904063501
26,14.5,12,33,1.397720597,2.979824303,8.815393088
32,21.5,11,32,1.686500798,3.509140874,12.44369661
24,19,11.5,30,1.630368195,3.407113753,10.10061712
25,27,9.5,39,2.168461438,5.040535718,11.12850472
25,24,10.5,37,1.749395526,4.363288666,9.707048532
29,14,10.5,32,1.166410843,3.114158327,9.81873938
27,23,8.5,33,1.959280344,4.420405734,12.15333696
25,14,11.5,36,1.499662321,3.242762103,8.928680956
26,19.5,8,30,2.160780725,4.378803976,11.29717046
25,21.5,8,34,2.272694504,4.614464639,11.54603553
27,22.5,12,39,1.616712995,3.884541778,8.3592254
32,24.5,12,31,2.184709966,3.663926381,10.50677966
26,21,9.5,30,1.678892319,4.004899344,10.13054995
31,19,10.5,31,1.406755871,3.320021791,12.35990582
26,15.5,7,34,2.496685707,4.199936619,12.0977235
28,14.5,12,35,1.315249861,3.06255985,8.237633168
28,15.5,10,34,1.182410826,3.290988256,9.891701521
28,23,7.5,39,2.155656896,4.225773445,16.80960823
25,23,7.5,32,2.72520124,5.12149445,11.97450252
26,16.5,8,35,1.924521465,3.909664927,11.31200929
32,22.5,9,40,1.670881025,3.788820462,18.06163332
32,26,10.5,40,1.919265267,4.244537525,13.42490287
28,12.5,10,33,1.241410633,3.224908023,9.227897112
32,11.5,9,33,1.578374054,3.546257109,14.72843598
25,13.5,10,39,1.582083467,3.434776823,9.471913412
25,17.5,12,33,1.504942025,3.211535238,9.396008136
30,18,9.5,38,1.241286826,3.433490518,13.09259297
30,17.5,11,35,1.207200754,3.264038288,10.13611475
29,25.5,8,40,2.101731263,4.36846645,17.30444812
28,20,7.5,33,2.146513884,4.235830291,14.54569144
25,27,7.5,37,2.954972333,5.546677285,13.77818581
25,18.5,7,30,2.858299923,4.851084411,11.33965821
32,19,8.5,32,1.82482942,3.769843287,18.03615562
25,15,7.5,32,2.413702586,4.250834902,10.11483509
25,17.5,12,35,1.528399704,3.32573741,9.262613525
25,11.5,8,35,2.212139807,3.844043818,9.046568497
31,12,9.5,33,1.3745168,3.382089073,12.48800684
31,14,9.5,36,1.285451817,3.35848978,13.0984769
24,26.5,9,34,2.490704923,5.369599335,10.42258206
24,20,11.5,34,1.66138281,3.704377687,9.752951443
27,20.5,7,35,2.467252368,4.429780214,14.93746781
24,19.5,7,32,3.007874371,5.022138282,11.24409568
29,25,8.5,34,2.050602821,4.484216616,14.40022576
27,16.5,11,39,1.257005592,3.359010142,9.206852809
28,25.5,11,37,1.679003703,4.226545103,9.116914088
32,23.5,9,35,1.898733924,4.028674837,17.32232536
28,24.5,9,40,1.717674951,4.206893383,13.62923597
29,24,11.5,38,1.598218416,3.952289436,8.854007034
30,12,12.5,40,1.715130349,3.493506622,7.541282425
30,18.5,9,32,1.490258261,3.611662482,13.73883019
27,13,12.5,40,1.696299261,3.35252249,8.054356826
30,16.5,8,35,1.678883812,3.640211486,15.61399985
29,16,9.5,32,1.280371514,3.373987573,11.35310838
30,17,9.5,30,1.392867181,3.401168761,12.75103169
25,13.5,11,31,1.427497042,3.105680184,8.933151503
31,16,12.5,34,1.593627378,3.12982412,8.841117284
25,15.5,9,38,1.704262281,3.650146372,10.35199539
28,18.5,7,33,2.368282325,4.254698631,15.18707024
29,11.5,11,37,1.273865044,3.233569143,8.576188565
24,18,10.5,35,1.598928445,3.711765884,9.655113215
26,26,12.5,30,2.142327893,3.939893614,8.470636334
29,13,10.5,38,1.1962983,3.249722967,9.559600837
27,24,11.5,35,1.619723899,3.956937129,8.483645654
26,23,10.5,30,1.664522108,3.96219199,9.521497625
29,17.5,9,34,1.376310958,3.544018715,12.46342083
28,22.5,9,30,1.819863727,4.153229257,12.07552161
27,15.5,8,34,1.821176683,3.793691668,11.60539688
30,23.5,11,31,1.670649215,3.665442121,10.62336678
32,15.5,11,39,1.368660072,3.440367907,11.57974465
29,12.5,12,38,1.43250949,3.258310917,7.907157152
30,21,12.5,32,1.705088543,3.216006576,8.733877587
28,26.5,7,30,3.24146895,5.565695484,16.19775747
32,20,7.5,37,2.067360634,3.821915418,21.8376827
30,26,12.5,38,2.130923282,4.242026188,7.16435715
25,24,8.5,40,2.148931726,4.590023119,13.02777545
27,22.5,9,33,1.744296717,4.208047489,11.35242654
32,18,9.5,37,1.394714,3.48966689,15.42503016
29,15,7.5,40,1.8365277,3.427072737,16.2927777
27,19,8.5,30,1.810711618,4.017299945,11.45142984
30,12,12.5,38,1.64597017,3.358574408,7.588800487
24,22.5,8,33,2.554500791,4.999129639,11.02936216
27,11.5,7,36,2.427931933,3.859211588,12.03268333
31,13,9.5,36,1.306466297,3.365819597,12.81309241
27,27,10.5,37,1.872327274,4.637373011,9.45669835
24,22.5,10,35,1.850759736,4.368593233,9.968590412
25,25,8.5,37,2.268681421,4.90431656,11.99178776
27,12.5,12,31,1.363584312,2.787546689,8.712538346
28,20.5,10,36,1.295313932,3.651938464,10.64948783
26,25.5,9,31,2.202000511,4.870257306,10.69984899
31,26,12.5,35,2.259283487,4.064946433,7.789908296
32,14.5,9,32,1.556433647,3.505446078,15.73921035
32,13,8.5,40,1.56680806,3.400973638,17.31063956
25,21,8.5,30,2.146988361,4.516008797,10.44813772
24,21.5,10,34,1.794031426,4.22074306,9.834950687
30,25.5,7,36,2.733590604,4.727436562,20.53039562
26,17,7.5,36,2.163198987,4.022568664,12.41520876
26,13.5,12,38,1.537654387,3.243660171,8.51208894
30,20,12.5,39,1.660520853,3.607385078,7.930960038
24,19,11.5,31,1.62252373,3.456881895,9.963501179
24,23.5,7,38,3.076243943,5.153938641,14.15997715
25,18,7.5,35,2.362509843,4.308443797,11.69530035
25,11.5,8,37,2.214647717,3.756307237,9.582524506
27,26.5,12,30,2.068665653,4.047014591,8.278624342
30,12,9.5,38,1.300686135,3.332087598,11.59258841
29,25,9.5,32,1.856080507,4.278323553,12.16308383
26,18.5,11,32,1.327888189,3.35371727,9.163813191
28,26,8.5,30,2.383401804,4.8840787,13.02112353
24,21,12.5,36,1.912842025,3.792505125,9.949584597
24,13,7.5,36,2.60969485,4.09207307,9.853229953
24,12.5,11,36,1.691837346,3.350927192,9.062514032
24,13.5,7,39,2.889525306,4.031887907,11.71885529
28,15.5,12,33,1.291080557,2.966117477,8.571564976
30,21.5,12,32,1.605704902,3.321590645,9.229766132
31,18,12.5,30,1.682927106,2.885204352,9.976316426
25,20,7.5,34,2.454791595,4.581517149,11.90429831
25,16.5,12,33,1.49410941,3.140257842,9.380182135
24,26.5,11,30,2.238228457,4.738817621,9.249479275
31,16.5,8,34,1.748777581,3.675210317,17.06139016
24,17,7.5,39,2.524951134,4.131979129,12.39323301
31,16,9.5,35,1.293804169,3.387408603,13.54055082
30,23,9.5,37,1.529170937,3.896856054,13.48737775
25,23.5,12,40,1.887410749,4.247716227,9.261330327
24,15,11.5,37,1.665055171,3.411012428,9.68902144
29,15,7.5,32,2.007139786,3.877662786,14.34421682
25,16.5,10,37,1.48070548,3.570938029,9.65241119
25,13,10.5,38,1.542508872,3.372911277,8.976636111
31,19,7.5,40,1.874522932,3.563591281,20.63465798
28,17,8.5,30,1.680788894,3.772417578,11.98586187
31,16,12.5,36,1.605414827,3.276611571,8.49147693
32,22.5,7,32,2.774856537,4.485173225,23.20579218
31,22.5,9,30,1.932787929,3.991374306,15.72524741
32,22,11.5,32,1.792585457,3.494499341,11.4489686
25,21,7.5,37,2.434253806,4.519602866,13.04571502
25,12,9.5,37,1.688678492,3.480530371,8.83657279
29,18,11.5,30,1.298462334,2.989259045,9.801491758
30,19,11.5,37,1.3195637,3.401596633,9.423108566
25,24.5,12,37,1.913294058,4.279686948,8.767539533
24,22,8.5,34,2.260986592,4.712798217,10.74106756
25,15.5,7,30,2.797957949,4.59598704,10.41987252
32,27,10.5,33,2.242554141,4.317264552,13.09071646
24,26.5,10,32,2.287414318,5.088498237,9.468167483
27,25.5,12,37,1.854984766,4.239172337,7.820366716
24,20,9.5,40,1.837699268,4.060129192,11.39127342
31,19,12.5,39,1.708415733,3.590678582,8.282576793
25,23,10.5,34,1.684396938,4.170902261,9.423610816
26,16,9.5,35,1.415965389,3.531865807,9.674738664
29,14,9.5,40,1.251995938,3.280750397,11.70133878
25,15,12.5,40,1.833482118,3.448988102,9.4592256
25,26,10.5,38,1.940404581,4.723520498,9.732667517
32,25.5,12,39,2.145649961,4.233017091,9.313653413
31,20.5,9,31,1.713221735,3.772514538,15.45238506
25,21.5,11,37,1.572405411,3.931136206,9.483134057
25,15,8.5,35,1.875398574,3.813529381,9.879466907
31,17,8.5,40,1.461845057,3.395840975,17.05475052
27,20,7.5,39,2.065586391,3.974917366,15.15006619
24,21.5,12,35,1.810661872,3.859590646,9.763605767
24,26.5,10,30,2.352935833,5.079041783,9.450588023
31,26,8.5,34,2.264132425,4.517824422,17.21486165
24,12.5,12,40,1.971102384,3.444039532,9.916390242
30,14.5,12,30,1.376157108,2.792605522,9.728535297
27,20.5,10,39,1.3445094,3.718410853,10.73264564
30,19,9.5,30,1.47535474,3.527154107,13.05199831
25,22,11.5,33,1.630333819,3.789770985,9.166592367
32,13,12.5,35,1.748977962,3.314232753,8.973276049
32,19,11.5,31,1.610925551,3.206323192,11.74544788
24,21,11.5,40,1.809485229,4.036195032,10.34401524
30,26,10.5,40,1.730973195,4.258127528,11.51985772
29,12.5,7,40,2.165978602,3.459903027,16.48428832
31,23,8.5,32,2.027430204,4.149711272,16.9182717
31,21,11.5,30,1.633294334,3.253652723,11.05703681
29,17.5,12,40,1.408592056,3.443315402,8.479397445
27,24.5,11,39,1.611418984,4.186062726,9.316142737
27,22,7.5,30,2.498483069,4.752898895,13.36590906
32,22,9.5,30,1.889665446,3.803582304,16.07265522
25,17,8.5,35,1.870115464,3.942349976,10.39321624
24,21,7.5,39,2.614713619,4.568887851,13.39267199
30,26,11.5,35,1.895366872,4.115069718,9.035764409
29,11.5,11,31,1.246378649,2.996849268,9.085319765
29,15,10.5,32,1.160090168,3.132809981,9.999380869
30,19.5,12,32,1.476491736,3.143855839,9.342053974
30,26.5,10,30,2.114693102,4.332500209,12.27048805
32,22.5,12,35,1.880852937,3.670694427,9.918673095
26,23.5,7,40,2.664887607,4.592377863,16.53480682
29,15,12.5,32,1.435339098,2.842713728,8.653123375
32,11.5,9,31,1.635653854,3.556053432,14.86881279
28,16.5,9,35,1.367011469,3.513622068,11.42978575
29,20,12.5,35,1.562146525,3.327665647,8.033080385
31,19.5,7,38,2.193649951,3.801860156,21.7150463
26,14,11.5,39,1.456735284,3.304510262,8.752638558
25,16.5,11,31,1.404473753,3.251528405,9.29299437
27,17,8.5,30,1.740281246,3.851233627,11.05322133
28,12,10.5,33,1.222183244,3.137446116,8.752497832
29,24,7.5,32,2.489751795,4.703661478,16.4595665
25,19,9.5,38,1.600979194,3.843164494,10.58543478
30,22,8.5,34,1.783456664,4.005663525,15.43594482
25,14.5,12,33,1.507272055,3.037479447,9.273223206
25,21.5,10,30,1.717332698,4.037385509,9.670343184
28,26,11.5,32,1.872531152,4.081895678,8.511061093
28,27,9.5,30,2.201546551,4.732124547,11.24907294
31,21.5,9,38,1.54390708,3.738443584,16.04466929
26,15.5,10,33,1.338716881,3.393869548,9.143416768
29,15.5,8,34,1.699667067,3.669307053,13.78382637
28,16.5,10,30,1.265331654,3.280852536,10.2871714
29,14.5,8,33,1.73007845,3.677938643,13.34374387
25,20,10.5,35,1.495455333,3.786205271,9.500148456
30,23,11.5,40,1.567848064,3.875666685,9.512760276
26,22.5,10,40,1.558918919,4.054343263,10.90265207
26,19,7.5,34,2.256525613,4.314853604,12.41858901
29,17,8.5,36,1.476126758,3.560871752,13.53889095
24,22,11.5,37,1.792347081,4.076484343,9.804379511
30,18.5,8,30,1.945485852,3.94363044,15.7792203
32,21,8.5,35,1.819731542,3.841927519,18.52844861
32,24,12.5,37,2.164545367,3.962727632,8.49781672
29,12.5,7,34,2.260519203,3.874660575,14.63976278
26,26,7.5,36,2.721406533,5.218673105,14.08552609
26,26.5,7,31,3.330069599,5.837966688,13.8252953
29,25.5,11,32,1.797129042,4.029186877,9.612887178
27,16,12.5,35,1.469136236,3.085472283,8.355291046
30,16.5,8,31,1.825117877,3.791467581,15.26856074
26,18.5,9,34,1.592088598,3.84192917,10.44678591
27,16.5,10,30,1.307544779,3.333631136,9.755941543
27,22.5,11,32,1.49154154,3.716743797,9.173019868
26,11.5,11,40,1.556605155,3.324662885,8.600339396
25,14,10.5,33,1.435159859,3.303943986,8.77372876
24,23.5,8,32,2.671090641,5.211788594,10.93633427
26,19,8.5,31,1.867910755,4.107941334,10.74725852
31,11.5,12,35,1.521179519,3.249110888,8.701998397
26,13,9.5,37,1.48566179,3.410443495,9.259749456
28,21,10.5,38,1.289719653,3.667079529,10.17471899
25,17,8.5,30,1.977453609,4.083472545,9.782393071
25,26.5,8,40,2.586088539,5.129743128,14.05984509
30,15.5,8,37,1.627549218,3.517715417,15.69339242
26,21.5,8,36,2.073914049,4.356715368,12.65121941
26,18.5,12,32,1.426519739,3.15454465,9.079829181
28,21.5,7,37,2.374481154,4.277475398,17.05951629
32,18,10.5,31,1.482114937,3.305645462,13.45396898
28,25.5,10,36,1.706795481,4.328204798,10.67738309
24,23.5,12,38,1.987631872,4.29589008,9.703678133
25,13.5,11,35,1.457852046,3.253513158,8.75227482
29,21,12.5,39,1.659190362,3.674061419,7.744826126
31,20.5,9,34,1.587481297,3.731128446,15.43065528
30,18.5,11,39,1.239977688,3.433369047,10.32409045
27,16.5,9,34,1.449288059,3.595840509,10.59622506
28,26,8.5,36,2.105954554,4.679348403,13.71178219
30,21,8.5,30,1.893934499,4.0035075,15.18699831
26,25.5,7,35,3.000097484,5.347099957,14.75219811
31,26,7.5,34,2.681142073,4.750915293,20.30555856
27,22,10.5,30,1.517283654,3.715606818,9.779787684
30,23,8.5,33,1.913083055,4.158735461,15.4563035
28,21,8.5,33,1.748976709,4.052755608,12.83306113
25,12.5,10,30,1.553386733,3.333581251,8.530166259
30,19,7.5,36,1.946527131,3.839124861,17.76461836
25,22,9.5,30,1.866809576,4.2807566,9.88913662
25,18.5,11,39,1.496916293,3.645799493,9.749342973
28,15.5,7,34,2.271865086,3.995044893,14.41254341
31,26,12.5,30,2.38695564,3.71140301,8.967900918
32,23.5,11,38,1.727672386,3.90165582,11.97833354
26,20,10.5,33,1.390120159,3.638806458,9.370906521
31,25,7.5,35,2.503409626,4.533413244,20.39172351
24,19.5,7,38,2.860965466,4.57672938,13.30372725
28,21,9.5,33,1.45845629,3.800807372,11.22131082
24,26.5,8,31,3.035583117,5.838374414,10.91356683
27,15.5,10,30,1.296497063,3.280531567,9.59658712
26,17,10.5,37,1.30571274,3.445164941,9.378001418
32,17.5,11,38,1.383013658,3.454261118,11.80103714
26,27,11.5,40,2.009490125,4.736839211,8.671098433
25,12.5,7,34,2.73680518,4.213391395,10.05551769
31,25,12.5,32,2.198089537,3.710970333,8.595311449
24,18.5,7,35,2.883644953,4.695287545,11.84229746
32,19.5,10,31,1.582851712,3.485759731,14.60719031
26,24.5,7,34,2.937725003,5.241505776,14.32231167
32,16,8.5,31,1.759495243,3.654285803,17.36606635
28,19,7.5,31,2.185675947,4.242713354,14.05639124
28,19.5,12,40,1.454682511,3.574629125,8.475336923
31,16,10.5,33,1.255562264,3.235647794,11.74214374
25,24.5,7,39,2.934559917,5.031754507,15.40572413
26,20.5,9,30,1.794938327,4.117034571,10.47816886
30,14,10.5,37,1.1721771,3.257589453,10.36073526
31,27,8.5,39,2.191455794,4.486941445,18.19330413
29,16,10.5,36,1.131223292,3.257553926,10.00997293
29,14.5,12,32,1.305714334,2.890477189,8.831209533
26,12.5,7,31,2.639615617,4.277401696,10.31621391
27,25.5,12,34,1.866135463,4.091693901,7.888952343
27,27,9.5,30,2.22657534,4.854766507,10.5449496
28,14.5,11,40,1.249837025,3.290906667,9.170340218
24,27,11.5,37,2.231548619,4.949585394,9.133708876
28,21.5,12,30,1.5487894,3.222323436,9.103092953
24,22,8.5,32,2.314153219,4.78072586,10.39505853
32,26,10.5,32,2.149120268,4.137370489,13.3100262
27,14,7.5,33,2.11150928,3.927444513,11.62832516
24,16,11.5,40,1.749154542,3.572700055,10.21622188
28,15.5,12,35,1.30544613,3.087977543,8.321065102
26,11.5,7,40,2.571956063,3.658225059,12.59772526
27,21,11.5,33,1.403841583,3.474890683,8.831756426
31,17,12.5,35,1.611269514,3.230663855,8.675231144
27,26,7.5,36,2.612992232,5.050814028,15.0154079
26,19.5,12,34,1.465553854,3.363920099,8.817084592
26,24.5,10,35,1.738648067,4.384167193,9.875561751
24,19,11.5,34,1.625470539,3.59368305,9.770652974
28,25,9.5,35,1.749572892,4.335785769,11.48425064
28,26.5,9,35,2.042555841,4.697940768,12.4315441
26,22,8.5,40,1.85614734,4.132814883,13.21544842
30,15,9.5,32,1.295818554,3.339448344,12.15763004
30,12,7.5,38,1.910445454,3.520902009,15.81208017
25,20.5,9,34,1.81184061,4.189606178,10.3799569
24,26.5,8,40,2.777554609,5.339608304,13.7275468
29,14.5,8,32,1.761889703,3.71388178,13.26414502
31,20.5,12,37,1.591754527,3.547460711,9.149532878
27,25,11.5,36,1.711664869,4.152235036,8.365432546
27,15.5,12,30,1.322546744,2.783786606,9.225684645
27,22.5,7,39,2.478844803,4.373511391,16.86086855
32,11.5,10,30,1.495782484,3.333543999,13.25123269
27,18.5,12,39,1.442036664,3.480124797,8.544458979
24,12.5,8,35,2.371553978,3.987278024,9.066999449
27,23.5,11,32,1.579142759,3.858798683,9.102741126
29,12,11.5,31,1.272937219,2.900807466,8.943283202
29,23.5,12,35,1.667820532,3.733798052,8.220506223
30,24,8.5,37,1.856350004,4.153718333,16.12533409
28,26.5,11,33,1.86834651,4.299398649,8.932418339
28,26,12.5,37,2.034518889,4.238514197,7.048315889
31,16,10.5,38,1.217218153,3.343560571,11.65908437
28,19.5,11,38,1.242673171,3.498296657,9.434106201
32,16,8.5,30,1.807875134,3.672303086,17.44226124
26,20.5,11,39,1.427680774,3.745663177,9.537951897
28,11.5,8,40,1.813569186,3.395138756,12.6751533
26,15.5,12,34,1.398281126,3.079135021,8.776748363
28,25.5,10,38,1.675313324,4.320233659,10.98590915
31,14.5,10,32,1.289994152,3.265062283,12.3956402
27,26,12.5,32,2.071152705,3.986126618,7.733340513
28,18.5,8,40,1.69127404,3.609196211,15.04424769
24,13.5,10,33,1.680105009,3.510217127,8.794801243
29,26.5,11,32,1.923998925,4.199176054,9.474867301
27,12.5,12,34,1.392252781,2.984569504,8.198176983
24,20,12.5,40,1.994435732,3.907344747,10.32244501
31,12,11.5,39,1.445871729,3.429874326,9.193009594
29,20.5,10,36,1.284128272,3.604844594,11.28900021
31,25,8.5,33,2.191743919,4.394316558,17.0989961
30,24.5,10,39,1.584333549,4.041532607,12.63278255
27,20,11.5,38,1.365408855,3.571957313,8.843704835
25,18,7.5,31,2.47924998,4.530205965,10.84170335
29,17,12.5,30,1.471093697,2.75180459,9.264141425
24,13,11.5,39,1.808154944,3.417958577,9.665842578
32,16.5,10,30,1.490438018,3.318427539,14.39360026
24,23.5,11,37,1.859445649,4.365974825,9.808399316
26,15.5,10,36,1.3368276,3.416726138,9.347291861
29,11.5,7,36,2.252639928,3.754426163,14.64354197
32,23,7.5,37,2.287278501,4.11166953,22.4716262
27,16,9.5,39,1.323007827,3.413524976,10.76365132
30,21,10.5,37,1.315888686,3.597506861,11.23047852
31,20,9.5,33,1.487534158,3.607573884,14.19640498
30,23,10.5,37,1.461432763,3.813955311,11.25305582
24,20.5,10,35,1.734679202,4.088915728,9.918441171
30,20.5,8,34,1.868179944,3.960672006,16.43298265
29,25.5,10,30,1.924329086,4.220906002,11.38923023
24,20.5,11,40,1.743428395,3.995800984,10.51384898
30,22,8.5,30,1.976443389,4.115183297,15.30959317
29,24.5,12,30,1.868058459,3.584120946,8.932490264
30,22,10.5,36,1.395473375,3.685089852,11.1988557
25,13.5,9,36,1.738296718,3.612409345,9.323856396
27,20,8.5,30,1.863340741,4.120221302,11.61288064
27,14.5,8,32,1.876340108,3.82942429,11.02328132
32,23.5,11,37,1.740743218,3.876719766,11.95191484
27,20,9.5,37,1.390272981,3.738466548,10.9760674
29,22.5,9,31,1.769040079,4.061702112,13.0549221
27,23.5,10,39,1.531554007,4.095052151,10.84057788
30,25,12.5,40,2.036957242,4.207146194,7.389005686
26,17.5,12,30,1.40859049,2.946934592,9.475243134
24,16,11.5,30,1.567813447,3.145108953,10.03942365
27,26.5,10,36,1.861178844,4.610723587,10.14359641
31,14.5,10,35,1.237858189,3.307788928,12.21868654
25,21.5,11,32,1.582940347,3.793553024,9.315052762
26,21.5,11,39,1.475566699,3.861595202,9.535279089
25,19.5,9,31,1.834193838,4.125027545,9.972311328
29,18,9.5,39,1.229865111,3.433972481,12.36990437
24,20.5,11,34,1.660382963,3.8617225,9.679060293
29,21.5,10,36,1.345426394,3.707659211,11.34856677
31,25,11.5,32,1.958276884,3.82737528,10.24579888
25,24.5,10,40,1.841915203,4.497861917,10.90759568
31,21,10.5,38,1.378820349,3.619100083,12.18886406
31,22,11.5,35,1.589820089,3.594985303,10.11498673
30,15,10.5,32,1.193718032,3.147843148,10.75306519
32,19,12.5,38,1.82176409,3.603302919,8.848285391
30,17,8.5,38,1.446211229,3.46858965,15.15991206
32,17.5,12,35,1.59523141,3.330557041,10.05341324
25,24,8.5,36,2.19481342,4.770871762,11.65321483
26,20.5,11,33,1.405615547,3.590081422,9.131662818
31,14.5,7,32,2.314521793,3.976133089,18.71368857
29,13,7.5,31,2.064702597,3.885321666,13.52437096
32,22,12.5,32,2.046555497,3.400310993,9.71204392
31,13.5,7,37,2.147093959,3.651952113,19.22506508
29,12.5,9,33,1.409975727,3.419491679,11.10297092
31,23,11.5,37,1.650355847,3.784017327,9.95704612
32,16,12.5,39,1.775230521,3.576032886,8.738717709
32,12.5,7,36,2.250544527,3.756319327,20.52270692
30,23,12.5,35,1.832114066,3.641970133,7.914030575
27,21,11.5,38,1.411433707,3.674989696,8.824354942
30,19.5,10,34,1.296591217,3.486146842,11.98166791
28,17.5,10,31,1.262096878,3.357165281,10.318551
28,27,9.5,33,2.060498197,4.712922277,11.2296065
29,23,9.5,32,1.646880135,3.984548409,12.15880545
25,26,7.5,37,2.839162683,5.342351217,13.71886311
28,20,7.5,35,2.071562656,4.122123555,14.95242841
31,22.5,9,39,1.598296704,3.815495693,16.37003058
25,24.5,12,35,1.900735541,4.184872922,8.712899314
28,23.5,9,31,1.866795834,4.281250666,12.10441489
26,24,12.5,30,1.918868957,3.59458063,8.91118301
24,11.5,7,30,3.08831367,4.5854144,8.125158242
24,26.5,12,39,2.277608155,4.873722866,9.32466103
32,20.5,11,35,1.537198545,3.530128814,12.05987629
25,24.5,9,34,2.110008683,4.79057938,10.622751
30,16.5,11,40,1.22348994,3.366479623,10.23652444
26,18.5,10,35,1.363761727,3.616187309,9.679719291
31,25,12.5,35,2.140844768,3.919213173,7.988686735
24,13,9.5,31,1.81070026,3.625129567,8.520072907
31,14.5,8,31,1.846997465,3.730174289,16.28943024
32,26,9.5,38,1.987480913,4.263827917,16.19460723
30,13,12.5,30,1.521359056,2.718727714,9.344173922
29,23,9.5,33,1.609560279,3.979971669,12.15912798
27,13,10.5,34,1.241986682,3.181943092,8.62174668
27,16.5,8,35,1.804018221,3.804998157,12.09028052
31,14,12.5,30,1.609535836,2.790316198,9.878068774
26,18.5,10,31,1.417234658,3.582682271,9.590069657
25,14,9.5,30,1.625675132,3.539973112,8.836585947
32,21,12.5,35,1.924819045,3.531132085,9.120268674
24,13.5,11,40,1.778648925,3.478154758,9.861470317
27,25,8.5,31,2.248265577,4.804837525,12.08214195
30,26.5,10,37,1.841851733,4.360629926,12.2343067
25,15.5,11,32,1.397428644,3.228158646,9.104357614
26,19,11.5,37,1.39436279,3.508875984,8.952135217
28,16,7.5,39,1.895768974,3.58056686,15.04252704
26,19.5,12,40,1.57364382,3.664043118,9.00371539
30,14.5,8,33,1.729072078,3.658220798,14.74390213
24,15.5,11,38,1.644809441,3.515507633,9.779709617
25,25,12.5,39,2.119512287,4.440465225,8.655118905
29,12.5,10,38,1.227471955,3.273699603,10.10362643
27,17.5,8,32,1.901041961,3.997650122,11.8793203
27,19.5,12,33,1.403932048,3.244214555,8.672672863
31,16.5,9,36,1.376328084,3.45270696,14.83882073
30,26,8.5,39,2.014231452,4.372746672,16.76156166
25,11.5,9,37,1.840901661,3.560731003,8.904494214
32,22,12.5,35,1.999040992,3.617909096,9.025682364
26,24.5,7,30,3.152414157,5.523227977,13.46569687
30,20.5,9,40,1.411314846,3.601832151,15.13828356
25,12,7.5,36,2.438304601,3.931957441,9.929903547
31,21.5,9,33,1.697471332,3.842625948,15.51950498
32,21,12.5,30,2.015879356,3.154101819,10.46141919
28,17.5,12,33,1.314458864,3.059887155,8.651016655
27,24,7.5,32,2.574274316,4.947088603,13.88048165
29,22,7.5,33,2.250190028,4.372738123,16.30250117
27,21,10.5,36,1.338303474,3.709791818,9.653349963
32,21.5,11,34,1.628796721,3.580925782,12.15667932
29,23.5,11,36,1.498646678,3.848903431,9.619462365
27,15,10.5,31,1.222804921,3.149642924,9.181769645
30,26.5,9,33,2.156766454,4.570116153,14.35572778
31,16.5,7,33,2.288883929,3.97080438,19.58033744
29,11.5,10,38,1.274736405,3.291793124,9.812086457
31,17.5,8,31,1.904462476,3.829715911,17.18178501
29,24.5,11,39,1.574684166,4.054906856,9.789587407
24,24.5,9,31,2.366245049,5.044327611,10.07727865
30,14.5,9,35,1.342824692,3.405328517,12.92767965
27,18.5,10,31,1.337191435,3.493942626,9.913214367
26,20,11.5,35,1.411318265,3.52732542,8.888675045
31,12,9.5,40,1.353641573,3.362992769,13.03190308
26,20.5,11,36,1.396788007,3.677249753,9.170932648
25,15,9.5,37,1.579549525,3.562751446,9.63371309
28,11.5,11,37,1.295649641,3.211238924,8.254568391
28,13.5,11,38,1.229926913,3.227007867,8.745143876
24,11.5,10,34,1.773698594,3.477400744,8.359352209
32,25.5,8,32,2.609187246,4.601642375,20.35393985
32,12.5,12,35,1.59984217,3.321889629,9.560595679
29,21,11.5,32,1.415795295,3.343795359,9.368104782
29,15,10.5,40,1.178708851,3.291450701,10.26794175
29,24.5,11,40,1.577025595,4.07263568,9.944365624
30,20,8.5,40,1.513758586,3.584564194,16.387152
32,23.5,10,30,1.970546011,3.854134049,14.93861789
24,25,10.5,38,1.998539093,4.704096746,10.12936654
28,15.5,11,32,1.165469268,3.063633032,9.188207227
26,18,9.5,37,1.430975068,3.650461346,10.35620801
31,25.5,10,38,1.775999925,4.169243079,13.45064253
27,25.5,10,38,1.720542897,4.420301732,10.56063323
26,22.5,12,35,1.638769116,3.769588074,8.532905099
32,22,12.5,34,2.010465793,3.547460274,9.218052947
26,15,11.5,34,1.323626347,3.123507599,8.711753884
28,11.5,8,37,1.802582066,3.535622716,11.75559477
28,26,7.5,35,2.587066222,4.972539917,15.86728936
26,25.5,8,32,2.569617089,5.189845739,12.19277205
29,15,10.5,31,1.177622987,3.103602438,10.12968547
27,19.5,7,33,2.493113451,4.460562711,14.17477148
25,26.5,11,32,2.05678895,4.629331976,8.800318566
27,18.5,9,35,1.473652962,3.720670737,11.11331409
29,17.5,12,33,1.329756251,3.059075673,8.798988044
28,13.5,11,37,1.211103009,3.197177076,8.678988337
26,24,9.5,40,1.735695248,4.315664679,11.66662746
25,15,7.5,36,2.339089602,4.030210905,11.07778271
32,13.5,10,32,1.400321624,3.329703788,13.44238189
29,12.5,8,30,1.863291392,3.754186175,12.51496663
26,23,7.5,32,2.582229868,4.94352959,12.7648847
30,14,10.5,38,1.18028896,3.2758332,10.42840396
29,17,9.5,34,1.252149354,3.419670478,11.54426075
32,22,9.5,31,1.836933329,3.806212794,15.94461823
32,19.5,12,35,1.674652146,3.426835599,10.07482411
32,14,8.5,38,1.554063309,3.455144806,17.21729463
29,22,10.5,30,1.508937246,3.585171596,10.81566403
24,25.5,9,33,2.405323259,5.192105797,10.28671959
31,12.5,9,36,1.412683656,3.424436376,13.67775274
31,27,9.5,32,2.247139903,4.507194673,14.39595436
28,22,12.5,30,1.703747469,3.183668201,8.825510304
27,20.5,11,36,1.319070189,3.595802618,9.147796992
31,22,9.5,33,1.631881413,3.796533076,14.37248143
24,24,9.5,33,2.104870644,4.756929076,9.966226103
30,16,11.5,40,1.308863481,3.382646335,9.350684154
26,18.5,10,39,1.380902676,3.616350293,10.35203456
32,14,10.5,32,1.378820909,3.251627807,12.66289649
25,21,11.5,37,1.587190061,3.815937297,9.294987545
26,13.5,7,35,2.506174522,4.047367558,11.59915091
28,16.5,8,32,1.808716362,3.846268215,12.64799845
28,26,10.5,30,1.916717098,4.246395712,9.927986514
32,13,8.5,33,1.67727691,3.598038567,16.3780591
29,16.5,7,32,2.310913254,4.102731271,15.87839461
26,26.5,11,37,1.888600836,4.606085925,8.827968528
32,22.5,7,40,2.381337568,3.903676293,25.195932
24,13.5,7,33,2.936532954,4.461379027,9.549671472
30,14,8.5,36,1.476327282,3.454135099,13.88873355
32,12,12.5,40,1.89028983,3.707244554,8.27502191
26,14.5,8,40,1.93074341,3.560605262,12.2765315
29,22.5,8,40,1.834031412,3.936503127,16.9555356
30,19.5,9,40,1.366930925,3.519077953,14.97775689
25,14,9.5,34,1.586990027,3.54225496,8.936095487
24,17.5,10,40,1.71903506,3.760281865,10.74625401
26,26,10.5,35,1.851448814,4.554884505,9.217656265
28,18.5,10,32,1.270805815,3.443073998,10.36729752
32,21,12.5,40,1.944092921,3.85606539,8.689533213
25,17,7.5,39,2.309136506,3.969921645,12.84026688
28,20.5,7,38,2.288554255,4.085463232,17.18813715
25,19.5,10,36,1.524438982,3.829193686,9.850319039
30,27,8.5,40,2.111087744,4.496654801,17.10572583
30,25.5,7,37,2.686238996,4.649839085,20.84145035
32,13,11.5,37,1.476992551,3.409858609,10.19050896
25,17,7.5,38,2.312008546,4.036034045,12.42960264
25,19.5,12,35,1.576734914,3.504910704,9.231063865
26,21,11.5,35,1.461241144,3.638647277,8.856463311
26,19,11.5,33,1.369300036,3.341313228,8.985100135
32,22,9.5,34,1.705217183,3.801600994,15.77900686
27,25.5,9,32,2.080216221,4.706026824,11.35729183
27,19.5,8,31,2.01622831,4.215401299,12.23118759
30,14.5,11,33,1.195388641,3.101033362,9.945072106
30,23.5,8,34,2.109595756,4.309529903,16.88938402
27,17,7.5,31,2.188245518,4.178964098,12.34313833
28,23,12.5,30,1.790894497,3.31133559,8.675558527
30,15.5,8,39,1.602644808,3.422827533,16.22422537
31,11.5,10,37,1.312692403,3.373516029,11.46986903
31,17.5,9,34,1.445785699,3.526194881,14.91689336
29,22.5,10,31,1.558056025,3.791600497,11.38190117
32,15,9.5,36,1.36470665,3.416805194,14.70509144
25,20,12.5,37,1.752407517,3.629870413,9.222367215
31,24,12.5,37,2.021997947,3.916726828,7.93397677
32,16,11.5,39,1.462272626,3.478864958,10.60582457
32,22.5,7,35,2.594186667,4.282740964,23.67897009
27,18.5,11,35,1.23877378,3.381519049,9.062473874
25,25,8.5,34,2.342311369,5.026692375,11.22491286
24,15.5,8,33,2.313972616,4.20935213,9.617342941
32,14,11.5,36,1.449060701,3.34405137,10.43651129
28,13.5,7,36,2.245181031,3.800120129,14.13716158
25,23.5,9,37,1.965427334,4.53970162,11.24796242
27,20.5,10,38,1.340558059,3.722324872,10.52138929
26,26,10.5,39,1.823174783,4.58213251,9.840761007
25,19.5,9,36,1.743140647,4.027078702,10.62804645
26,16.5,9,38,1.538921494,3.59914849,10.84923832
26,27,11.5,33,2.033500473,4.509695637,8.176939032
31,26,11.5,35,1.99644958,4.107474862,9.710365361
28,26,11.5,36,1.799835173,4.241688685,8.277166608
29,23,7.5,31,2.447193527,4.612110743,16.22103096
26,19,7.5,36,2.205980067,4.195558059,12.96210655
28,18.5,8,38,1.708088557,3.715988694,14.35242364
31,13,7.5,38,1.887341637,3.51930052,17.88308391
24,12,9.5,38,1.906882055,3.57365144,9.142761767
27,24,12.5,38,1.857878487,4.04028125,7.670558234
31,15.5,11,40,1.284072122,3.391949165,10.77608145
29,27,12.5,37,2.184847712,4.367321293,6.7998749
28,24,12.5,40,1.871680171,4.100541139,7.519407937
32,11.5,12,31,1.637882942,3.083245318,10.36181245
26,12.5,10,31,1.411335445,3.27307178,8.563175667
25,12,7.5,38,2.439715157,3.813879014,10.61171908
31,25,11.5,36,1.8592388,3.999326182,9.789799132
32,11.5,12,37,1.66092703,3.485772885,9.117681249
26,12.5,7,38,2.512459318,3.814235762,12.19836983
32,17,8.5,30,1.836778356,3.705842783,17.69793343
26,21,9.5,33,1.591804491,3.9954076,10.16160983
29,17,9.5,30,1.361308144,3.414862315,11.68843542
28,21,11.5,31,1.41499138,3.324667516,9.220866891
24,12,12.5,37,1.986282974,3.257123248,9.906588548
26,17.5,10,31,1.387228227,3.497933525,9.481676431
30,25,10.5,35,1.695298809,4.05806825,11.08255735
31,25.5,12,32,2.11817005,3.836973822,9.295999173
26,19.5,12,38,1.519960361,3.572337625,8.795838715
32,16,9.5,31,1.50540701,3.424493437,15.1287796
24,25,12.5,36,2.200175038,4.405481754,9.311678135
26,20.5,10,37,1.433872519,3.820236762,10.12083904
27,17.5,8,40,1.767178862,3.620809061,13.88840749
30,17,10.5,39,1.172512276,3.353382321,11.07400812
27,22,11.5,36,1.456869846,3.719071855,8.667560896
24,13.5,10,34,1.684890828,3.519998816,8.855290374
31,26,8.5,38,2.097628001,4.365331016,17.90229998
32,22.5,8,32,2.272556475,4.204021158,20.04361285
26,27,9.5,35,2.106736263,4.95235423,10.36361617
29,11.5,7,34,2.297727985,3.882764218,14.18041916
24,12.5,12,31,1.688311054,2.929485803,10.00372607
32,23,11.5,31,1.9197567,3.548654532,11.60876474
29,16.5,11,34,1.157658877,3.171109874,9.513181742
27,21,9.5,39,1.433167714,3.814924811,11.53275288
32,11.5,12,40,1.732029534,3.65890431,8.987239778
24,24,9.5,31,2.159252671,4.773077626,9.820945017
28,15.5,9,35,1.363308135,3.468113593,11.19154722
29,20.5,7,30,2.597341019,4.547238815,16.81263486
27,25,8.5,30,2.300625731,4.833710071,12.04359999
24,14,11.5,37,1.693307779,3.368980207,9.572132481
30,15.5,9,31,1.445897232,3.472295827,13.14525244
25,20,8.5,31,2.050777951,4.361561357,10.37776539
26,19.5,8,34,2.018419506,4.21440971,11.81325895
25,14.5,8,36,2.093609255,3.87616674,10.39191638
32,18,8.5,30,1.87729087,3.752641279,17.92850332
28,19.5,10,39,1.243952839,3.555589594,11.03154215
29,14,10.5,39,1.181531719,3.265788847,9.905087829
27,26,8.5,38,2.111287876,4.720539466,13.40664797
25,21.5,12,38,1.71532038,3.883319679,9.20845336
25,19.5,9,30,1.865644578,4.138365679,9.950414109
28,15.5,9,32,1.419341365,3.510659214,10.99192193
29,15,10.5,39,1.160934729,3.278914186,10.10691353
24,14,8.5,33,2.105878576,3.960380813,8.975178567
29,16,9.5,36,1.214677559,3.365282604,11.48816126
30,23.5,10,34,1.590199654,3.906554483,12.1606506
24,18.5,12,31,1.659974437,3.28282099,10.2655897
24,13,7.5,35,2.614774097,4.14952594,9.546420776
29,14.5,8,40,1.630973972,3.367988087,14.92060064
26,12.5,7,37,2.517384401,3.886653959,11.82024061
31,13.5,7,39,2.108828213,3.510952893,19.84879276
26,15,8.5,38,1.710468024,3.597874318,11.05357501
31,14,9.5,37,1.278390694,3.354182789,13.18222899
24,26.5,11,35,2.146948004,4.873752745,9.216552442
25,25.5,7,36,3.114882701,5.466046158,14.23382375
25,15.5,10,39,1.52375892,3.510673248,9.90527129
26,27,7.5,31,3.08251912,5.732056315,12.9388834
32,12,11.5,40,1.566916955,3.575582698,9.972250232
32,12,10.5,40,1.411533815,3.4852153,11.97953851
30,19,9.5,40,1.265319317,3.46836869,13.66958601
24,14,8.5,40,2.142133409,3.715789569,10.90894323
28,17,7.5,34,1.999686817,3.931436046,13.94361893
32,21,8.5,34,1.860655331,3.872227684,18.44384551
32,17.5,10,32,1.449386012,3.390847624,14.22987262
31,15,9.5,30,1.423330924,3.351236103,13.60283726
26,18,7.5,31,2.328051634,4.381096368,11.63067105
24,20,9.5,31,1.869976258,4.170018783,9.699332934
26,24,12.5,38,1.915185501,4.117875146,8.114972989
26,15.5,8,40,1.908831886,3.603027003,12.60740776
28,19,9.5,35,1.311316167,3.592250136,11.13841146
24,24,10.5,31,1.970016521,4.443284171,9.544730377
24,17.5,8,40,2.283340069,4.015929349,12.39919795
28,12,10.5,35,1.227171287,3.188678652,8.690813747
29,26,11.5,37,1.809235531,4.220594504,8.553033564
30,16.5,7,34,2.216076793,3.928639427,17.88268437
25,21,12.5,40,1.88057789,3.916215395,9.350764111
31,23.5,10,37,1.589495405,3.898842921,13.36607002
25,15,12.5,30,1.581650132,2.75215611,10.18769053
28,12.5,8,32,1.836554728,3.72520411,11.34086772
25,22.5,12,32,1.738333055,3.710524668,9.204794142
27,18,7.5,36,2.052607422,3.981943305,13.60082746
29,23.5,10,40,1.462355456,3.938102837,12.06090097
25,16,12.5,33,1.603961751,3.033336965,9.610271371
30,18,11.5,36,1.28463156,3.299501187,9.410574115
24,15.5,9,30,1.941911554,3.926785859,9.054654587
27,25.5,7,35,2.887318178,5.173759098,15.83086155
25,27,12.5,34,2.288390661,4.524508899,8.120804506
30,11.5,7,32,2.343417339,3.984677457,15.5356185
30,27,9.5,30,2.269676634,4.561447447,13.25177242
29,19,7.5,33,2.060609905,4.05999725,15.66361259
25,27,7.5,33,3.109826583,5.813531532,12.52430862
32,21.5,12,34,1.814857421,3.5179981,10.15470948
25,21.5,8,30,2.419871513,4.788174694,10.93573652
27,24.5,11,34,1.63716235,4.073660434,8.913500683
29,25,8.5,36,1.974102822,4.410716617,14.73505909
30,15.5,12,33,1.352189638,3.013047665,9.050527115
30,18,7.5,38,1.858637237,3.649632863,18.03172036
24,24,9.5,34,2.084299682,4.745728984,10.09349155
25,15.5,8,33,2.118207204,4.059368532,10.03052939
26,24,7.5,37,2.48724528,4.793339567,14.23157588
27,17,9.5,34,1.33021894,3.515664405,10.15352104
31,13.5,7,31,2.367812017,4.024936692,18.22788049
32,17,11.5,40,1.483877601,3.537059591,10.75340555
27,27,11.5,39,1.933899628,4.600650096,8.30703451
25,25,9.5,35,1.999294287,4.731542152,10.25153083
25,23,11.5,35,1.698472686,4.015243785,9.044235352
27,23.5,7,35,2.684463979,4.836391147,15.54881098
26,14.5,7,40,2.438463513,3.712769474,13.92087681
24,25.5,8,32,2.871594131,5.584865046,11.05759031
28,15,12.5,30,1.418778434,2.661242844,9.172308103
32,12.5,11,39,1.428830314,3.477585557,10.99252249
24,13.5,11,38,1.704761013,3.430744812,9.479909432
29,23,10.5,31,1.561307876,3.736448221,10.64692375
26,26.5,10,33,2.007025822,4.746277695,9.573945028
30,17.5,12,31,1.407395316,2.953095447,9.599171392
30,20.5,7,40,2.168279487,3.769117132,20.96731908
31,19,7.5,36,1.980153614,3.812188911,19.46062367
30,14,12.5,35,1.517534517,3.112385652,8.155637143
25,18.5,10,37,1.500194576,3.729545143,9.923049952
28,18,7.5,35,1.992602466,3.944721826,14.44665629
30,25,12.5,32,2.078342608,3.699509522,8.138339545
29,20.5,8,33,1.898373675,4.057930024,14.89345368
28,19.5,12,33,1.384274338,3.206692028,8.6300591
29,18.5,8,32,1.835807248,3.917332066,14.38558887
26,25,8.5,32,2.287193872,4.92343451,11.42734775
29,25,7.5,36,2.399229879,4.62153016,17.37309406
25,17,10.5,33,1.418262552,3.468359555,9.204030513
25,11.5,9,34,1.820106002,3.613056211,8.365185104
29,25.5,8,30,2.533851706,4.866836887,15.26514988
26,17.5,9,40,1.55820857,3.609945144,11.67965911
32,18,11.5,35,1.491654701,3.359279033,10.96045989
26,14.5,11,30,1.300511389,3.024369235,9.072451829
25,26,12.5,38,2.198274968,4.564861492,8.357847272
29,11.5,10,30,1.301164801,3.179243548,9.930928057
28,22.5,10,38,1.405833362,3.879434304,11.02632102
28,23.5,10,33,1.575461637,4.009512647,10.57002524
31,17,12.5,39,1.661993458,3.504409835,8.279388517
25,22.5,7,36,2.84745613,4.946724536,13.78671285
26,27,11.5,39,1.999680073,4.710641765,8.491254427
26,12,12.5,33,1.592235334,2.876727419,8.765218501
25,24.5,9,31,2.208472805,4.854939156,10.293165
30,19,9.5,35,1.315169934,3.523809878,12.90558463
28,13.5,11,40,1.280814825,3.280417813,8.986704761
28,12.5,8,40,1.761270576,3.385941996,13.08890228
30,19,8.5,40,1.474863015,3.507300732,16.18408936
30,13.5,10,37,1.193544971,3.283641143,11.04509161
30,17,8.5,37,1.459987021,3.503483556,14.94316442
25,16,12.5,37,1.696536651,3.308911867,9.330990664
32,21.5,7,34,2.564451272,4.245581074,23.26515831
29,12,8.5,38,1.536373479,3.399320481,12.37727636
27,27,12.5,36,2.160622145,4.426344882,7.053460018
31,22.5,7,36,2.468126169,4.241578788,21.86895982
30,14,8.5,35,1.492811387,3.482492827,13.75389805
29,25.5,12,33,1.905404299,3.917137921,8.142965575
28,25.5,8,38,2.183201328,4.590779928,15.44913649
24,18,8.5,35,2.074722463,4.182242394,10.35796683
25,22,10.5,35,1.603734774,4.038504544,9.52299616
27,13,10.5,33,1.240863818,3.156824359,8.650270707
29,19,7.5,38,1.902154459,3.767798692,16.85094795
27,21,10.5,39,1.345685107,3.741194109,10.07740869
32,18.5,8,40,1.72106664,3.506325869,20.61170893
24,22,12.5,37,1.987663275,3.986142149,9.848224066
27,22,9.5,39,1.490027567,3.934981175,11.61126627
27,23.5,8,33,2.219480024,4.647540958,13.05547161
29,22,11.5,31,1.514031589,3.403915436,9.492180865
24,16.5,12,40,1.832353087,3.598140075,10.3003226
28,22,7.5,38,2.105396583,4.161634447,16.25917916
24,26,8.5,33,2.653728542,5.459726734,10.73473743
31,13.5,9,30,1.538763704,3.467481748,14.06698823
29,23.5,11,32,1.578217151,3.728984918,9.813620007
26,16,8.5,34,1.725549273,3.7832802,10.41947697
29,25.5,8,33,2.357875214,4.739206479,15.49456503
24,23.5,9,32,2.238070799,4.846576732,10.15501451
27,12,7.5,36,2.11990906,3.737159819,11.48559516
29,26,11.5,31,1.9355295,3.976404994,9.00887529
28,22.5,9,37,1.589185313,4.01527193,12.68960342
32,19.5,7,34,2.428188511,4.071915094,22.75051295
30,26.5,12,32,2.131900418,3.997956642,8.509756126
25,12.5,8,32,2.198834195,3.974901789,8.893948771
31,14,9.5,30,1.420499271,3.340570279,13.36071298
28,13,11.5,39,1.341899286,3.259832969,8.320818925
29,19.5,9,30,1.595606577,3.744922308,12.78981102
30,17.5,8,38,1.629816207,3.551722768,16.5452041
27,14,12.5,32,1.449259216,2.799776648,8.752455738
31,15.5,8,31,1.854543177,3.75009603,16.61198414
25,27,11.5,32,2.139635325,4.60902165,8.511882098
30,15,7.5,33,1.964340506,3.798261926,15.99555161
24,14,10.5,37,1.66092059,3.482398234,9.358590803
32,11.5,10,38,1.400354088,3.464093575,12.71239109
32,13.5,11,35,1.376695391,3.316429955,11.30157656
27,25.5,11,37,1.709098661,4.31197856,8.940484329
26,13.5,10,39,1.428542384,3.356773501,9.437992707
30,21.5,11,34,1.413728587,3.534841696,10.34202638
32,14,12.5,31,1.737241828,2.975377655,10.16433226
31,23,9.5,31,1.812022057,3.914970473,14.52863773
27,21.5,12,30,1.555381321,3.273938068,9.085640927
25,25.5,9,30,2.361844056,5.05877285,10.24197369
32,24.5,9,36,1.964486897,4.1341146,17.47148881
28,12,9.5,39,1.359637454,3.303987318,10.18640843
31,17.5,12,40,1.51712449,3.526799259,9.124793045
25,24,8.5,38,2.163045838,4.684615197,12.26766194
30,22.5,12,34,1.653211628,3.548321438,8.785004091
32,14.5,11,36,1.361254235,3.343391041,11.41156067
25,16,7.5,32,2.412007397,4.313261549,10.4351516
24,26,9.5,38,2.231890834,5.050119413,10.91927997
28,26,11.5,37,1.792694597,4.27642724,8.309734493
32,26,9.5,31,2.290136706,4.325868345,15.98646447
31,24.5,7,37,2.61325886,4.427423769,22.52805921
28,24,7.5,32,2.512315112,4.812940571,15.0709486
25,26,9.5,36,2.087610236,4.903436915,10.39861521
29,19,7.5,35,1.983987624,3.949369462,16.02929692
30,13.5,8,36,1.667974867,3.531501489,14.78969338
32,11.5,12,32,1.630690205,3.155542942,10.06341574
27,15,8.5,30,1.71628804,3.738202506,10.55460357
32,16.5,8,34,1.828128771,3.694138247,18.84791609
28,26,10.5,33,1.805441011,4.305715709,9.689441134
26,25.5,9,30,2.248563094,4.887582282,10.67729387
30,22.5,8,37,1.904228709,4.036703453,17.34903007
24,12.5,11,40,1.830117595,3.457240492,9.66786413
27,27,11.5,31,2.037300436,4.310050899,8.319280135
27,16.5,7,39,2.267508322,3.778118876,15.189016
31,27,10.5,30,2.249634275,4.259094561,12.29980195
30,24,8.5,39,1.804659157,4.070794011,16.63761441
25,25.5,11,34,1.90503078,4.490627706,8.93566326
28,11.5,7,39,2.294681159,3.583998235,14.2593459
32,19,7.5,38,1.985783908,3.691490843,21.83396386
28,17,11.5,32,1.223708728,3.045932937,9.040505904
27,26,12.5,34,2.047497211,4.119460109,7.438560067
32,21.5,9,33,1.803059112,3.84658323,17.07609923
31,24,10.5,40,1.598017514,3.95947576,12.47561769
29,27,11.5,34,1.980801647,4.281778168,8.442576499
27,16.5,11,32,1.209729351,3.142849257,9.067543834
25,23.5,10,35,1.766980917,4.363237396,9.83176887
32,15,11.5,36,1.440610725,3.339504643,10.58063709
32,22,12.5,36,1.992029559,3.686274041,8.869728383
28,26.5,9,31,2.215830391,4.785237349,12.10505236
29,14.5,8,31,1.798114323,3.747741039,13.22096278
25,17,8.5,39,1.863685562,3.79194211,11.53737361
28,20,10.5,37,1.239216797,3.555683966,10.00948976
27,12,8.5,34,1.69046014,3.581155991,9.833708643
26,22,12.5,37,1.751730009,3.778531749,8.384810154
27,20.5,9,30,1.709951278,4.000318206,11.09272551
32,27,7.5,40,2.612857075,4.477360122,23.92073409
27,24.5,10,40,1.617327606,4.237961056,11.08612889
29,16.5,12,38,1.354483877,3.300306197,8.342536875
24,18.5,11,38,1.64195177,3.742092858,10.04114258
30,17,12.5,30,1.539431581,2.784264883,9.52769923
28,21,7.5,40,2.008115179,3.906030539,16.83692554
31,16,9.5,32,1.366944687,3.386311512,13.59888606
31,16.5,7,39,2.084415754,3.558602733,21.06899494
28,25,7.5,33,2.567471698,4.919258332,15.34056818
30,16,9.5,34,1.256536444,3.369030345,12.33661499
28,13,11.5,32,1.237184786,2.930233825,8.623154686
28,16.5,11,31,1.187800562,3.066989633,9.440692667
32,16.5,7,35,2.267290976,3.846032659,21.96626228
32,23.5,8,31,2.436362324,4.362017287,20.15423841
28,12.5,9,33,1.44255916,3.436851743,10.17487554
32,19.5,11,39,1.450963164,3.57636756,12.01127521
31,23,10.5,32,1.669637198,3.719538406,12.30687558
24,15,12.5,36,1.830121253,3.270804148,10.15337503
32,14.5,11,30,1.448708571,3.094878422,12.3997178
31,26.5,12,32,2.248848131,3.992843567,9.105575449
25,24,11.5,39,1.812083264,4.304365346,9.321828012
31,24,9.5,31,1.91729786,4.044176013,14.54786756
24,25.5,9,40,2.304996616,4.972808075,12.21910268
24,16.5,11,40,1.693898663,3.620450347,10.29167503
26,24,9.5,35,1.779032708,4.405842709,10.47696819
28,22,11.5,39,1.444300373,3.768742106,8.885715117
32,27,7.5,35,2.851882794,4.810726412,22.51068008
31,15.5,12,31,1.462375906,2.939120589,10.08840088
27,16,8.5,30,1.722479997,3.788088667,10.8164636
29,12,8.5,37,1.537076902,3.431017018,12.1581603
28,18.5,11,37,1.20289903,3.394051439,9.3007478
29,22.5,9,33,1.684141858,4.030037368,13.08612424
25,12,7.5,35,2.444219375,3.987870837,9.643620686
30,24.5,9,37,1.767091952,4.156056519,14.80678229
32,11.5,7,30,2.525145651,4.1302727,19.4085928
29,12,9.5,31,1.345641444,3.310597895,10.40984281
26,23.5,12,38,1.740350175,4.056631906,8.48295906
28,17.5,11,40,1.226559375,3.401926021,9.570632739
28,21.5,7,36,2.407924867,4.35341498,16.72556683
32,26.5,8,33,2.67970615,4.717533558,20.47059219
28,27,10.5,35,1.877975799,4.516152855,9.59720373
24,26,12.5,31,2.306011835,4.274998877,9.472855359
27,19,9.5,30,1.485542919,3.678367903,10.43596496
27,20,8.5,39,1.642756905,3.820875078,13.13457171
28,24.5,9,32,1.925671653,4.418868048,12.15067509
26,17,7.5,40,2.131384094,3.765286823,13.91503254
28,19,9.5,37,1.289635818,3.573325296,11.4047622
27,14,8.5,35,1.616209334,3.57979468,10.65806966
27,13,10.5,36,1.257472512,3.225928924,8.673948431
31,26.5,9,34,2.184323366,4.498983148,15.7804168
24,18,12.5,31,1.742641196,3.123537062,10.66890245
32,19.5,9,34,1.62691213,3.666107846,16.81603208
30,15,7.5,40,1.810376717,3.401952058,17.70550049
25,21,12.5,30,1.751114325,3.266751823,9.89765009
28,22,10.5,31,1.460065005,3.662969843,10.0706134
30,26.5,11,40,1.828816701,4.347357027,10.26586377
26,23.5,9,40,1.806050497,4.288351991,12.47672271
28,26.5,11,39,1.782490684,4.435559352,9.237654786
27,21.5,9,40,1.565482701,3.894043761,12.75478363
24,24.5,12,32,2.03886642,4.169507404,9.504715614
29,22,9.5,38,1.414212106,3.803567259,12.6490391